"","Taxa","Trend","Effect.size","P.value","diff.healthy","diff.pneumonia"
"1","Actinobacteria Micrococcaceae Nesterenkonia_sandarakina","Negative",6.4713352189793,0.00381360668391504,52.9884615384615,55.825
"2","Proteobacteria Enterobacteriaceae Escherichia_unclassified","Positive",5.40658208116971,0.00858392844612767,-260.9,-260.9
"3","Proteobacteria Enterobacteriaceae Escherichia_coli","Positive",6.89173864054651,0.00279418619950723,-130.561538461538,-134.85
"4","Firmicutes Tissierellaceae [Clostridium]_ultunense","Positive",4.97258482248656,0.0120707985669733,-123.415384615385,-157.8
"5","Firmicutes Streptococcaceae Streptococcus_sp._B4","Positive",5.37687938523221,0.00878485013348889,-1.65,-1.65
"6","Firmicutes Lactobacillaceae Lactobacillus_brevis","Positive",5.33340246861544,0.00908791949679398,-29.2115384615384,-34.25
"7","Proteobacteria Burkholderiales_noname Aquabacterium_parvum","Positive",5.39820233135153,0.00864011804187446,-5.1,-5.1
"8","Firmicutes Bacillaceae Bacillus_kyonggiensis","Positive",5.20963864652616,0.0100124550930764,-31.5923076923077,-32.9
"9","Proteobacteria Enterobacteriaceae Escherichia_coli","Positive",5.65661586373722,0.00707265549165811,-194.45,-186.95
"10","Proteobacteria Burkholderiaceae Ralstonia_pickettii","Positive",7.25872297865569,0.00213855285695589,-2.45,-2.45
"11","Proteobacteria Burkholderiales_noname Burkholderiales_bacterium_RIFCSPHIGHO2_12_FULL_63_20","Positive",5.65174754840331,0.00709924064480547,-3.89999999999999,-3.9
"12","Proteobacteria Bradyrhizobiaceae Bradyrhizobium_sp._MOS002","Positive",6.74269079188033,0.00311812523734042,-33.2,-33.2
"13","Proteobacteria Bradyrhizobiaceae Bradyrhizobium_unclassified","Positive",6.63411491073673,0.00337886008717435,-4.6,-4.6
"14","Proteobacteria Bradyrhizobiaceae Bradyrhizobium_unclassified","Positive",6.0230624082745,0.00534379385197405,-3.59999999999999,-3.6
"15","Proteobacteria Enterobacteriaceae Klebsiella_pneumoniae","Positive",5.91888562209225,0.00578461822057981,-347.276923076923,-382.325
"16","Firmicutes Lactobacillaceae Lactobacillus_brevis","Positive",4.92054060495599,0.0125796801433167,-101.326923076923,-119
"17","Proteobacteria Bradyrhizobiaceae Bradyrhizobium_unclassified","Positive",6.11229712745222,0.00499431618837591,-4.34999999999999,-4.35
"18","Proteobacteria Bradyrhizobiaceae Bradyrhizobium_elkanii","Positive",7.06157536985205,0.00246777633119072,-5.79999999999999,-5.8
"19","Proteobacteria Moraxellaceae Acinetobacter_baumannii","Positive",5.27614653743217,0.00950392852548245,-90.876923076923,-97.8000000000001
"20","Firmicutes Bacillales_noname Gemella_sp.","Positive",5.51617357973425,0.00788346881354313,-120.111538461538,-122.525
"21","Proteobacteria Azonexaceae Dechloromonas_sp._H13","Positive",5.54529975496319,0.00770761395045184,-68.4346153846153,-71.05
"22","Proteobacteria Pseudomonadaceae Pseudomonas_putida","Positive",5.69733215455822,0.00685437101901589,-6.2,-6.2
"23","Proteobacteria Burkholderiales_noname Rubrivivax_sp.","Positive",5.77651064342638,0.00644994032426664,-3.1,-3.1
"24","Proteobacteria Burkholderiales_noname Aquabacterium_commune","Positive",5.92353017045338,0.00576417101283751,-4.04999999999999,-4.05
"25","Proteobacteria Burkholderiales_noname Aquabacterium_commune","Positive",5.81669371532989,0.006254375104248,-4.74230769230769,-5.05
"26","Proteobacteria Burkholderiales_noname Burkholderiales_bacterium_RIFCSPHIGHO2_01_FULL_63_240","Positive",6.0992098201159,0.00504402795380212,-5.55,-5.55
"27","Proteobacteria Burkholderiales_noname Aquabacterium_commune","Positive",5.47408536585365,0.00814508232257875,-2.4,-2.4
"28","Proteobacteria Burkholderiales_noname Aquabacterium_commune","Positive",6.36055463149683,0.00414287872193631,-2.85,-2.85
"29","Proteobacteria Burkholderiales_noname Aquabacterium_commune","Positive",6.70924069860769,0.00319611695059609,-9.74999999999999,-9.75
"30","Proteobacteria Burkholderiales_noname Aquabacterium_commune","Positive",7.07467204843592,0.00244433190324354,-6.15,-6.15
"31","Proteobacteria Burkholderiales_noname Aquabacterium_commune","Positive",5.92754538944352,0.00574655568585202,-4.59999999999999,-4.6
"32","Proteobacteria Burkholderiales_noname Aquabacterium_commune","Positive",5.47612019053801,0.00813222624203043,-4.35,-4.35
"33","Proteobacteria Candidatus_Competibacteraceae Candidatus_Competibacteraceae_bacterium","Positive",5.37345050108759,0.00880836127508795,-6.09999999999999,-6.1
"34","Proteobacteria Burkholderiales_noname Burkholderiales_bacterium","Positive",6.29434397845325,0.00435384970849839,-4.1,-4.1
"35","Proteobacteria Burkholderiales_noname Aquabacterium_commune","Positive",5.74918209909236,0.0065866145143945,-3.45,-3.45
"36","Proteobacteria Burkholderiales_noname Aquabacterium_commune","Positive",5.33751519165601,0.00905878477200292,-3.95,-3.95
"37","Proteobacteria Betaproteobacteria_noname beta_proteobacterium_AAP51","Positive",5.63723371410928,0.00717912466072245,-3.09999999999999,-3.1
"38","Proteobacteria Burkholderiales_noname Aquabacterium_commune","Positive",6.19566503280974,0.00468951279834168,-3.35,-3.35
"39","Proteobacteria Enterobacteriaceae Leclercia_adecarboxylata","Positive",5.37908735522999,0.0087697455163961,-6.15,-6.15
"40","Proteobacteria Burkholderiales_noname Aquabacterium_commune","Positive",5.80046176356094,0.00633261147087939,-2.85,-2.85
"41","Proteobacteria Burkholderiales_noname Burkholderiales_bacterium","Positive",6.10509921520758,0.0050215931045325,-3.85,-3.85
"42","Proteobacteria Burkholderiales_noname Aquabacterium_commune","Positive",7.03571676742408,0.00251476373612314,-3.65,-3.65
"43","Proteobacteria Burkholderiales_noname Aquabacterium_commune","Positive",6.75015664523914,0.00310099300848615,-4.04999999999999,-4.05
"44","Proteobacteria Burkholderiales_noname Aquabacterium_commune","Positive",5.35138461383582,0.00896125582301712,-3.65,-3.65
"45","Proteobacteria Burkholderiales_noname Aquabacterium_olei","Positive",5.91299769473773,0.00581064909642228,-6.74999999999999,-6.75
"46","Proteobacteria Burkholderiales_noname Aquabacterium_sp._NJ1","Positive",5.38163618098652,0.00875234310877462,-5.74999999999999,-5.75
"47","Proteobacteria Burkholderiales_noname Aquabacterium_commune","Positive",5.49910720955747,0.00798846822907779,-4.85,-4.85
"48","Proteobacteria Burkholderiales_noname Aquabacterium_parvum","Positive",5.38507242873765,0.00872893924005894,-2.45,-2.45
"49","Proteobacteria Burkholderiales_noname Burkholderiales_bacterium_RIFCSPHIGHO2_01_FULL_63_240","Positive",5.95056945639553,0.00564663398168351,-3.14999999999999,-3.15
"50","Proteobacteria Burkholderiales_noname Aquabacterium_commune","Positive",5.41822548306784,0.00850649247585136,-4.3,-4.3
"51","Proteobacteria Burkholderiales_noname Aquabacterium_commune","Positive",5.62120278242494,0.00726845962302065,-4,-4
"52","Proteobacteria Burkholderiales_noname Aquabacterium_commune","Positive",5.66549677622887,0.00702442773121722,-3.55,-3.55
"53","Proteobacteria Burkholderiales_noname Aquabacterium_commune","Positive",5.05133196432395,0.0113416149308893,-3.49230769230769,-4.55000000000001
"54","Actinobacteria Actinomycetaceae Trueperella_pyogenes","Positive",5.78717133508157,0.00639743691715843,-6.24999999999999,-6.25
"55","Proteobacteria Pseudomonadaceae Pseudomonas_unclassified","Positive",5.8772504091653,0.0059713598232236,-6.14999999999999,-6.15
"56","Firmicutes Streptococcaceae Streptococcus_sp._I-G2","Positive",6.36727215414318,0.00412208383996519,-4.5,-4.5
"57","Proteobacteria Burkholderiales_noname Aquabacterium_commune","Positive",5.45788910982104,0.00824817672510617,-3.7,-3.7
"58","Proteobacteria Burkholderiales_noname Aquabacterium_sp._SJQ9","Positive",5.33588245450849,0.00907033937360673,-2.45,-2.45
"59","Proteobacteria Rhizobiales_unclassified Rhizobiales_unclassified","Positive",5.61156880149017,0.00732270880241336,-3.75,-3.75
"60","Proteobacteria Burkholderiales_noname Aquabacterium_commune","Positive",5.36749030187826,0.00884938688137243,-5.55,-5.55
"61","Proteobacteria Burkholderiales_noname Aquabacterium_commune","Positive",5.51791684430184,0.00787282559936508,-4.3,-4.3
"62","Actinobacteria Actinomycetaceae Actinomyces_naeslundii","Positive",7.1610577483198,0.00229544942264937,-4.41538461538461,-3.925
"63","Proteobacteria Burkholderiales_noname Aquabacterium_commune","Positive",5.34887028414253,0.00897885407577845,-4.35,-4.35
"64","Proteobacteria Burkholderiales_noname Rubrivivax_sp.","Positive",5.1296978824483,0.010661851169832,-5.29230769230768,-6.6
"65","Proteobacteria Burkholderiales_noname Aquabacterium_parvum","Positive",6.65270435136235,0.00333264040691106,-4.1,-4.1
"66","Proteobacteria Burkholderiales_noname Aquabacterium_commune","Positive",7.13233633885149,0.00234386111241536,-4.55,-4.55
"67","Proteobacteria Burkholderiales_noname Aquabacterium_commune","Positive",5.47643294513396,0.00813025214414144,-4.04999999999999,-4.05
"68","Proteobacteria Bradyrhizobiaceae Bradyrhizobium_sp._SK17","Positive",6.20168338397827,0.00466828054216767,-3.4,-3.4
"69","Proteobacteria Bradyrhizobiaceae Bradyrhizobium_unclassified","Positive",7.29134034459611,0.00208870257069142,-3.5,-3.5
"70","Bacteria_unclassified Actinomycetaceae Actinobaculum_sp._oral_taxon_183","Positive",5.57742331191341,0.00751844062811955,-10.3,-10.3
"71","Proteobacteria Burkholderiales_noname Aquabacterium_commune","Positive",5.45137131869244,0.00829005135634474,-4.5,-4.5
"72","Bacteria_unclassified Burkholderiales_noname Aquabacterium_commune","Positive",5.84385402166676,0.00612573227505907,-4.39999999999999,-4.4
"73","Proteobacteria Burkholderiales_noname Aquabacterium_sp.","Positive",6.06841165972634,0.00516308029666025,-10.1,-10.1
"74","Proteobacteria Burkholderiales_noname Aquabacterium_commune","Positive",5.816467452754,0.00625545864669338,-11.4,-11.4
"75","Proteobacteria Methylococcaceae Methylomonas_sp._11b","Positive",5.93575539574801,0.00571071339434731,-11.15,-11.15
"76","Proteobacteria Burkholderiales_noname Aquabacterium_commune","Positive",5.92240719556369,0.00576910782546675,-9.84999999999998,-9.85
"77","Proteobacteria Comamonadaceae Variovorax_unclassified","Positive",5.45453841895021,0.00826967591465413,-4.15,-4.15
"78","Bacteria_unclassified Burkholderiales_noname Aquabacterium_commune","Positive",5.5083174519199,0.00793162137370288,-4.15,-4.15
"79","Actinobacteria Actinomycetaceae Actinomyces_sp._HMSC035G02","Positive",5.77892358496031,0.00643801711727101,-5,-5
"80","Proteobacteria Moraxellaceae Acinetobacter_baumannii","Positive",5.37980382740845,0.00876485004121812,-46.2,-46.2
"81","Proteobacteria Burkholderiales_noname Aquabacterium_commune","Positive",6.2518570234975,0.00449516156975145,-3.7,-3.7
"82","Firmicutes Staphylococcaceae Staphylococcus_hominis","Positive",5.06654546050449,0.0112061662527212,-54.3615384615385,-68.15
"83","Proteobacteria Burkholderiales_noname Aquabacterium_sp._NJ1","Positive",5.58644111433352,0.00746621863744254,-4.29999999999999,-4.3
"84","Proteobacteria Burkholderiales_noname Aquabacterium_sp._NJ1","Positive",5.47085352893911,0.00816554515224171,-2.3,-2.3
"85","Actinobacteria Actinobacteria_unclassified Actinobacteria_unclassified","Positive",4.92743760184957,0.0125109636858234,-21.2192307692307,-23.45
"86","Proteobacteria Bradyrhizobiaceae Bradyrhizobium_unclassified","Positive",5.84255730471387,0.00613181032879375,-3.15,-3.15
"87","Proteobacteria Burkholderiales_noname Aquabacterium_sp._NJ1","Positive",5.43296216606724,0.00840953709669391,-2.55,-2.55
"88","Proteobacteria Enterobacteriaceae Klebsiella_pneumoniae","Positive",5.03294954583746,0.0115075798898193,-32.4615384615384,-35
"89","Firmicutes Bacillaceae Bacillus_kyonggiensis","Positive",5.45268764300812,0.00828157641443026,-112.565384615385,-121.075
"90","Bacteria_unclassified Bradyrhizobiaceae Bradyrhizobium_unclassified","Positive",7.96230598669623,0.0012940015304583,-4.95,-4.95
"91","Proteobacteria Burkholderiales_noname Aquabacterium_commune","Positive",5.56434010270557,0.00759488995012846,-3.35,-3.35
"92","Proteobacteria Moraxellaceae Acinetobacter_baumannii","Positive",6.30054817745277,0.00433360905090583,-57.9769230769231,-59.9000000000001
"93","Proteobacteria Azonexaceae Dechloromonas_sp._H13","Positive",5.89654684401796,0.00588403492450957,-60.6807692307692,-65.45
"94","Proteobacteria Burkholderiales_noname Aquabacterium_commune","Positive",5.62875156888794,0.00722624789404719,-6.19999999999999,-6.2
"95","Proteobacteria Comamonadaceae Hydrogenophaga_sp._2FB","Positive",5.42611279919779,0.00845445486303576,-6.69999999999999,-6.70000000000001
"96","Firmicutes Streptococcaceae Streptococcus_sp._AM43-2AT","Positive",6.23372059336017,0.00455694628838185,-6.1,-6.1
"97","Firmicutes Streptococcaceae Streptococcus_sp._JS71","Positive",4.89070510192095,0.0128815473598265,-6.04230769230768,-7.35
"98","Proteobacteria Bradyrhizobiaceae Bradyrhizobium_elkanii","Positive",5.67099491138797,0.00699474372941617,-2.25,-2.25
"99","Firmicutes Lactobacillaceae Lactobacillus_brevis","Positive",5.46199081253633,0.00822193884887118,-89.8076923076923,-96.2500000000001
"100","Proteobacteria Burkholderiales_noname Burkholderiales_bacterium_RIFCSPHIGHO2_01_FULL_63_240","Positive",5.35474815659724,0.00893777052558056,-3.86923076923077,-4.1
"101","Proteobacteria Burkholderiales_noname Aquabacterium_commune","Positive",5.35374199026131,0.008944789091373,-4.29999999999999,-4.3
"102","Proteobacteria Bradyrhizobiaceae Bradyrhizobium_unclassified","Positive",7.93229069695276,0.00132167855356844,-3.1,-3.1
"103","Proteobacteria Enterobacteriaceae Klebsiella_pneumoniae","Positive",5.32429880025955,0.00915276168608711,-81.0384615384614,-87.5
"104","Proteobacteria Pseudomonadaceae Pseudomonas_protegens","Positive",6.08467758576373,0.00509983909100882,-19.4884615384615,-23.95
"105","Firmicutes Staphylococcaceae Staphylococcus_hominis","Positive",4.87918556122694,0.0130001307653014,-25.0576923076923,-29.75
"106","Bacteroidetes Prolixibacteraceae Prolixibacteraceae_bacterium_JC036","Positive",5.1726765253428,0.0103073814847,-32.3230769230769,-33.4
"107","Bacteroidetes Prolixibacteraceae Prolixibacteraceae_bacterium_JC036","Positive",5.2189925310073,0.00993923653218529,-72.2153846153846,-74.7250000000001
"108","Bacteria_unclassified Bacillaceae Bacillus_kyonggiensis","Positive",5.67409473552212,0.00697806625583476,-57.2961538461538,-58.2
"109","Actinobacteria Actinomycetaceae Actinomyces_sp._ICM39","Positive",6.24398681309915,0.00452186372592363,-5.04999999999999,-5.05
"110","Proteobacteria Burkholderiales_noname Aquabacterium_sp._SJQ9","Positive",5.38447683858431,0.00873299100842684,-3.89999999999999,-3.9
"111","Firmicutes Aerococcaceae Aerococcus_urinae","Positive",4.62581513793854,0.0159209577624929,-48.6923076923076,-59
"112","Proteobacteria Burkholderiales_noname Aquabacterium_commune","Positive",5.78489240554849,0.00640862261037887,-3.95,-3.95
"113","Proteobacteria Burkholderiales_noname Aquabacterium_commune","Positive",5.39699679009698,0.00864823348308319,-3.85,-3.85
"114","Proteobacteria Xanthomonadaceae Xylella_fastidiosa","Positive",5.51223755687972,0.0079075552944882,-91.9999999999999,-99.0000000000001
"115","Proteobacteria Comamonadaceae Melaminivora_alkalimesophila","Positive",5.43199859984248,0.00841584089667476,-3.3,-3.3
"116","Firmicutes Staphylococcaceae Staphylococcus_hominis","Positive",4.81727272494479,0.0136574573900544,-10.3461538461538,-12.5
"117","Proteobacteria Chromobacteriaceae Chitiniphilus_eburneus","Positive",5.34833693981258,0.00898259172477284,-3.69999999999999,-3.7
"118","Proteobacteria Bradyrhizobiaceae Bradyrhizobium_unclassified","Positive",6.00156682509009,0.00543176681270752,-2.4,-2.4
"119","Proteobacteria Francisellaceae Francisella_sp.","Positive",4.94595327332995,0.0123284345688107,-179.488461538461,-200.075
"120","Proteobacteria Burkholderiales_noname Aquabacterium_commune","Positive",5.60380302855161,0.00736674826037739,-5.4,-5.4
"121","Bacteria_unclassified Burkholderiales_noname Aquabacterium_commune","Positive",5.93396787626413,0.00571849704954751,-2.5,-2.5
"122","Bacteria_unclassified Enterobacteriaceae Klebsiella_pneumoniae","Positive",5.29055855155181,0.00939736060881846,-45.5230769230769,-51.6000000000001
"123","Proteobacteria Burkholderiales_noname Aquabacterium_commune","Positive",5.46398184912082,0.00820923422369531,-6.5,-6.5
"124","Proteobacteria Moraxellaceae Acinetobacter_baumannii","Positive",5.44666936864087,0.0083203987272934,-69.4846153846153,-74.3500000000001
"125","Proteobacteria Bradyrhizobiaceae Bradyrhizobium_unclassified","Positive",5.38799595369225,0.00870907933005092,-2.9,-2.9
"126","Bacteria_unclassified Burkholderiales_noname Aquabacterium_commune","Positive",6.42093089817672,0.00395986943250227,-3.94999999999999,-3.95
"127","Bacteria_unclassified Azonexaceae Dechloromonas_sp._H13","Positive",5.70233023513443,0.00682806858863129,-29.65,-29.65
"128","Bacteria_unclassified Actinomycetaceae Actinomyces_sp._oral_taxon_172","Positive",5.62675163978586,0.00723740602300535,-23.1346153846154,-23.75
"129","Proteobacteria Azonexaceae Dechloromonas_sp._H13","Positive",5.52351366601271,0.00783875724119376,-58.7384615384615,-62.2
"130","Proteobacteria Bradyrhizobiaceae Bradyrhizobium_unclassified","Positive",5.5661789724396,0.00758409561522886,-2.05,-2.05
"131","Bacteria_unclassified Actinomycetaceae Actinomyces_viscosus","Positive",6.69671092892422,0.00322585748458758,-18.35,-18.35
"132","Proteobacteria Bradyrhizobiaceae Bradyrhizobium_unclassified","Positive",7.44793874486977,0.00186583674221469,-5.54999999999999,-5.55
"133","Firmicutes Bacillaceae Bacillus_aciditolerans","Positive",5.41790105523452,0.00850864013735564,-37.9038461538461,-44.75
"134","Firmicutes Staphylococcaceae Staphylococcus_hominis","Positive",4.80429654722511,0.013799607409195,-46.0846153846153,-52.075
"135","Proteobacteria Enterobacteriaceae Escherichia_coli","Positive",5.18104767595408,0.0102397950685176,-86.5692307692307,-100.8
"136","Bacteria_unclassified Enterobacteriaceae Klebsiella_pneumoniae","Positive",5.65538923096377,0.00707934406166562,-68.0999999999999,-73.1
"137","Proteobacteria Burkholderiaceae Ralstonia_unclassified","Positive",5.43307871139156,0.00840877497608072,-10.25,-10.25
"138","Bacteria_unclassified Bradyrhizobiaceae Bradyrhizobium_unclassified","Positive",5.6352021961778,0.00719038138370213,-2.65,-2.65
"139","Proteobacteria Bradyrhizobiaceae Bradyrhizobium_elkanii","Positive",5.71585787381405,0.00675741083250921,-4.7,-4.7
"140","Proteobacteria Enterobacteriaceae Klebsiella_pneumoniae","Positive",5.33187731487459,0.0090987488145169,-229.430769230769,-246.2
"141","Proteobacteria Burkholderiales_noname Aquabacterium_commune","Positive",5.45154236222912,0.00828894960423867,-3.45,-3.45
"142","Bacteria_unclassified Burkholderiales_noname Aquabacterium_sp._SJQ9","Positive",6.21792946714825,0.00461146938586728,-4.8,-4.8
"143","Actinobacteria Sanguibacteraceae Sanguibacter_keddieii","Positive",5.89953241501326,0.00587064443498448,-3.9,-3.9
"144","Actinobacteria Actinomycetaceae Actinomyces_oris","Positive",5.48057133939801,0.00810417816522311,-3.35,-3.35
"145","Proteobacteria Bradyrhizobiaceae Bradyrhizobium_unclassified","Positive",5.44150658320742,0.0083538551630498,-9.79999999999998,-9.80000000000001
"146","Actinobacteria Actinomycetaceae Actinomyces_oris","Positive",6.35638578475801,0.00415583938273104,-39.5,-36.875
"147","Proteobacteria Burkholderiales_noname Aquabacterium_commune","Positive",7.50426187658841,0.00179192510013896,-4.55,-4.55
"148","Proteobacteria Comamonadaceae Acidovorax_sp._FJL06","Positive",5.4458661931373,0.00832559427322403,-5.59999999999999,-5.6
"149","Proteobacteria Nitrosomonadales_noname Gallionellales_bacterium_RIFCSPHIGHO2_02_FULL_57_16","Positive",5.5525271322936,0.00766461994429109,-6.49999999999999,-6.5
"150","Firmicutes Bacillales_noname Gemella_sanguinis","Positive",5.58227511384436,0.00749029628665236,-4.7,-4.7
"151","Bacteria_unclassified Enterobacteriaceae Klebsiella_pneumoniae","Positive",5.07575537732155,0.0111249969333807,-19.8461538461538,-23
"152","Proteobacteria Enterobacteriaceae Escherichia_coli","Positive",6.76387561950605,0.00306976927602512,-69.05,-69.0500000000001
"153","Bacteria_unclassified Bradyrhizobiaceae Bradyrhizobium_unclassified","Positive",5.93978562509253,0.00569320487188041,-3.65,-3.65
"154","Proteobacteria Burkholderiales_noname Aquabacterium_commune","Positive",5.5341231771084,0.00777460139370657,-3.64999999999999,-3.65
"155","Proteobacteria Comamonadaceae Variovorax_guangxiensis","Positive",5.69048748656648,0.00689056428993606,-4.84999999999999,-4.85
"156","Proteobacteria Moraxellaceae Acinetobacter_baumannii","Positive",6.20038411857123,0.00467285566538462,-57.45,-57.45
"157","Bacteroidetes Sphingobacteriaceae Sphingobacteriaceae_bacterium","Positive",4.67384593903187,0.0153183114088194,-24.5538461538461,-29.4
"158","Firmicutes Staphylococcaceae Staphylococcus_pseudintermedius","Positive",5.02936118817121,0.0115402744039442,-133.342307692308,-144.65
"159","Proteobacteria Bradyrhizobiaceae Bradyrhizobium_unclassified","Positive",5.52807042863328,0.00781113443128387,-2.4,-2.4
"160","Proteobacteria Bradyrhizobiaceae Bradyrhizobium_unclassified","Positive",5.5387421701122,0.00774684320232868,-2.75,-2.75
"161","Bacteria_unclassified Azonexaceae Dechloromonas_sp._H13","Positive",6.11965742399364,0.00496658513575595,-15.1,-15.1
"162","Firmicutes Lactobacillaceae Lactobacillus_brevis","Positive",5.00090230972076,0.0118030596641431,-106.646153846154,-127.925
"163","Firmicutes Streptococcaceae Streptococcus_sp._AM28-20","Positive",6.15775211759254,0.00482562509915369,-8.09999999999999,-8.1
"164","Proteobacteria Moraxellaceae Acinetobacter_baumannii","Positive",5.03053272835113,0.0115295894419539,-63.4538461538461,-69.3
"165","Proteobacteria Enterobacteriaceae Escherichia_coli","Positive",4.6916443961126,0.0151011324085618,-149.884615384615,-175.875
"166","Bacteria_unclassified Azonexaceae Dechloromonas_sp._H13","Positive",4.86238162688076,0.0131751771918162,-43.0115384615384,-47.55
"167","Firmicutes Aerococcaceae Aerococcus_urinae","Positive",5.36903928945953,0.00883870548870466,-68.6846153846153,-80.3
"168","Firmicutes Bacillaceae Bacillus_kyonggiensis","Positive",5.43158061450744,0.0084185769683464,-19,-19
"169","Proteobacteria Burkholderiales_noname Aquabacterium_commune","Positive",6.40001320175584,0.00402229124357286,-5.4,-5.4
"170","Bacteria_unclassified Aerococcaceae Aerococcus_urinae","Positive",4.85897985214434,0.0132109144416671,-84.7692307692307,-93.3750000000001
"171","Bacteria_unclassified Bacteria_unclassified Klebsiella_pneumoniae","Positive",5.43359207025046,0.00840541885242848,-10.3,-10.3
"172","Bacteria_unclassified Bacteria_unclassified Acinetobacter_baumannii","Positive",4.84770753907789,0.0133300664704653,-52.3269230769231,-58.25
"173","Bacteria_unclassified Bradyrhizobiaceae Bradyrhizobium_unclassified","Positive",5.36921783010934,0.00883747519401692,-3.2,-3.2
"174","Proteobacteria Burkholderiales_noname Aquabacterium_commune","Positive",5.60686021347996,0.00734937787742769,-4.84999999999999,-4.85
"175","Proteobacteria Bradyrhizobiaceae Bradyrhizobium_unclassified","Positive",5.45743060935537,0.00825111514453004,-3.2,-3.2
"176","Bacteria_unclassified Azonexaceae Dechloromonas_sp._H13","Positive",5.0736025672097,0.0111439146062487,-49.1384615384615,-54.6
"177","Bacteria_unclassified Staphylococcaceae Staphylococcus_hominis","Positive",5.69012201531995,0.00689250247939158,-75.3153846153845,-83.7
"178","Firmicutes Staphylococcaceae Staphylococcus_hominis","Positive",5.34833554283143,0.00898260151689345,-62.4192307692307,-66.65
"179","Proteobacteria Enterobacteriaceae Klebsiella_pneumoniae","Positive",5.54510090778582,0.00770880042883263,-34.1192307692307,-38.6
"180","Proteobacteria Enterobacteriaceae Escherichia_coli","Positive",5.91420968014103,0.00580528077644842,-8210.45,-7988.95000000001
"181","Bacteria_unclassified Aerococcaceae Aerococcus_urinae","Positive",4.75669449615819,0.0143345536495814,-47.9384615384615,-54.4
"182","Bacteria_unclassified Bacteria_unclassified Staphylococcus_hominis","Positive",4.79308054436628,0.013923730136641,-33.4615384615384,-38
"183","Bacteroidetes Prolixibacteraceae Prolixibacteraceae_bacterium_JC036","Positive",6.40001559145709,0.00402228405344896,-45.15,-45.15
"184","Proteobacteria Enterobacteriaceae Escherichia_unclassified","Positive",5.51644740434652,0.00788179602038775,-954.061538461538,-950.475000000001
"185","Proteobacteria Erwiniaceae Pantoea_ananatis","Positive",5.15262257195764,0.010471208740003,-56.8307692307692,-63.6
"186","Firmicutes Bacillaceae Bacillus_kyonggiensis","Positive",4.70816870200043,0.014902401110844,-16.1807692307692,-19.075
"187","Firmicutes Staphylococcaceae Staphylococcus_hominis","Positive",5.55252945355733,0.00766460617625165,-41.3461538461538,-45.5
"188","Bacteria_unclassified Bacteria_unclassified Acinetobacter_baumannii","Positive",4.90100238857522,0.0127765096599267,-46.8846153846153,-53.25
"189","Proteobacteria Enterobacteriaceae Escherichia_coli","Positive",5.63579391800712,0.00718710071271748,-810.099999999999,-810.1
"190","Firmicutes Staphylococcaceae Staphylococcus_hominis","Positive",5.1342042208697,0.0106240898319446,-133.057692307692,-152.75
"191","Bacteria_unclassified Bacteria_unclassified Bacteria_unclassified","Positive",5.39531905650281,0.00865954097629221,-42.9346153846154,-46.3
"192","Bacteria_unclassified Azonexaceae Dechloromonas_sp._H13","Positive",5.41797330291333,0.00850816181962917,-22.8307692307692,-23.6
"193","Bacteria_unclassified Halomonadaceae Halomonas_sp._ND22Bw","Positive",5.67385523831023,0.00697935329000974,-121.676923076923,-129.6
"194","Bacteria_unclassified Azonexaceae Dechloromonas_sp._H13","Positive",5.69087356457442,0.00688851744057438,-25.0038461538461,-28.85
"195","Bacteria_unclassified Actinomycetaceae Actinomyces_sp._oral_taxon_172","Positive",5.57249439378798,0.00754714631491853,-85.65,-85.6500000000001
"196","Proteobacteria Moraxellaceae Acinetobacter_baumannii","Positive",4.84073463915155,0.0134043381594677,-61.3846153846153,-68
"197","Bacteria_unclassified Bacillaceae Bacillus_kyonggiensis","Positive",6.37368802577958,0.00410232531769175,-30.7,-35.7
"198","Bacteria_unclassified Aerococcaceae Aerococcus_urinae","Positive",4.94236675723005,0.0123635706118932,-49.0653846153846,-52.45
"199","Bacteria_unclassified Bacteria_unclassified Staphylococcus_hominis","Positive",5.89388616876847,0.00589599532781569,-40.8846153846153,-39.625
"200","Bacteroidetes Prolixibacteraceae Prolixibacteraceae_bacterium_JC036","Positive",4.9024526502792,0.0127617888195434,-32.2615384615384,-36.8
"201","Bacteria_unclassified Bacteria_unclassified Aerococcus_urinae","Positive",5.74568540988671,0.00660432073195008,-113.069230769231,-112.175
"202","Bacteria_unclassified Bacillaceae Bacillus_aciditolerans","Positive",4.65829909389522,0.0155107063962403,-21.9846153846154,-25.6
"203","Bacteria_unclassified Bacteria_unclassified Acinetobacter_baumannii","Positive",5.75613377726992,0.00655156149189741,-50.3307692307692,-52.1
"204","Bacteria_unclassified Bacillaceae Bacillus_kyonggiensis","Positive",5.91374729214519,0.00580732824325938,-55.7307692307692,-59.25
"205","Bacteria_unclassified Sphingobacteriaceae Sphingobacteriaceae_bacterium","Positive",5.34210612442383,0.00902637848212331,-50.0807692307692,-52.85
"206","Bacteria_unclassified Staphylococcaceae Staphylococcus_hominis","Positive",5.50724532215623,0.00793821674776862,-11.6269230769231,-13.55
"207","Bacteria_unclassified Bacteria_unclassified Bacteria_unclassified","Positive",4.61697975281936,0.0160345076811654,-33.0192307692307,-38.25
"208","Bacteroidetes Sphingobacteriaceae Sphingobacteriaceae_bacterium","Positive",5.05290150548352,0.0113275616184845,-112.707692307692,-127.15
"209","Bacteria_unclassified Azonexaceae Dechloromonas_sp._H13","Positive",5.44608370744713,0.00832418688923778,-27.45,-27.45
"210","Firmicutes Aerococcaceae Aerococcus_urinae","Positive",4.85646684783438,0.0132373802626975,-122.515384615384,-137.775
"211","Bacteria_unclassified Bacteria_unclassified Bacteria_unclassified","Positive",5.37124130752972,0.00882354433078871,-27.25,-27.25
"212","Proteobacteria Moraxellaceae Acinetobacter_baumannii","Positive",4.91841666992163,0.0126009213469227,-47.7923076923076,-52.1
"213","Bacteria_unclassified Aerococcaceae Aerococcus_urinae","Positive",5.3341829984489,0.00908238261256593,-29.4192307692307,-33.65
"214","Bacteria_unclassified Bacteria_unclassified Aerococcus_urinae","Positive",4.79085392274139,0.0139485107154953,-49.076923076923,-57
"215","Bacteria_unclassified Bradyrhizobiaceae Bradyrhizobium_sp._MOS002","Positive",5.27787921022279,0.00949104948107223,-86.6846153846153,-102.3
"216","Proteobacteria Moraxellaceae Acinetobacter_baumannii","Positive",5.39796536437929,0.00864171261870494,-17.65,-17.65
"217","Bacteria_unclassified Aerococcaceae Aerococcus_urinae","Positive",4.86031982793186,0.0131968251980365,-86.5846153846153,-100.2
"218","Proteobacteria Bradyrhizobiaceae Bradyrhizobium_sp._MOS002","Positive",4.83880814430492,0.0134249348854265,-361.45,-401.2
"219","Bacteria_unclassified Bacteria_unclassified Bacillus_kyonggiensis","Positive",5.5839867670986,0.0074803938070151,-82.1346153846153,-88.7500000000001
"220","Bacteria_unclassified Rhodobacteraceae Aquicoccus_sp._SCR17","Positive",5.43222008484529,0.00841439146723705,-106.453846153846,-118.3
"221","Bacteria_unclassified Bacteria_unclassified Bacteria_unclassified","Positive",5.8031571897565,0.00631954879311524,-55.1999999999999,-58.2
"222","Bacteria_unclassified Aerococcaceae Aerococcus_urinae","Positive",4.92391557602597,0.0125460049818798,-16.2653846153846,-17.65
"223","Bacteria_unclassified Azonexaceae Dechloromonas_sp._H13","Positive",5.82840116911234,0.00619857831954531,-8.94999999999999,-8.95
"224","Bacteria_unclassified Bacteria_unclassified Bacteria_unclassified","Positive",5.18695291967395,0.0101923984336338,-42.7961538461538,-45.95
"225","Bacteria_unclassified Azonexaceae Dechloromonas_sp._H13","Positive",5.48607028147321,0.00806966815547537,-58.4423076923076,-57.5
"226","Bacteria_unclassified Bacteria_unclassified Bacteria_unclassified","Positive",5.53831191858695,0.00774942442004859,-77.5,-77.5000000000001
"227","Bacteria_unclassified Prolixibacteraceae Prolixibacteraceae_bacterium_JC036","Positive",5.34007516732421,0.00904069944267452,-85.8615384615384,-90.6500000000001
"228","Bacteria_unclassified Bacteria_unclassified Aquicoccus_sp._SCR17","Positive",6.15358597063935,0.00484083370360266,-37.25,-37.25
"229","Bacteria_unclassified Bacteria_unclassified Aquicoccus_sp._SCR17","Positive",5.46501570854958,0.0082026454123069,-70.3846153846153,-78.0000000000001
"230","Bacteria_unclassified Bacteria_unclassified Bacteria_unclassified","Positive",4.96200318382924,0.0121724811010504,-71.2538461538461,-78.1000000000001
"231","Proteobacteria Enterobacteriaceae Klebsiella_pneumoniae","Positive",5.63317842668859,0.00720161364685262,-57.4499999999999,-57.45
"232","Proteobacteria Moraxellaceae Acinetobacter_baumannii","Positive",6.57078096067128,0.00354146185736256,-23.0846153846154,-24.7
"233","Bacteria_unclassified Bacteria_unclassified Bradyrhizobium_sp._MOS002","Positive",5.48047300401589,0.0081047967059305,-101.273076923077,-115.35
"234","Bacteria_unclassified Bacteria_unclassified Bacillus_kyonggiensis","Positive",6.87499158319781,0.0028287482051829,-47.4,-47.4
"235","Bacteria_unclassified Bacteria_unclassified Bacteria_unclassified","Positive",4.95019757020037,0.0122869901869683,-40.2884615384615,-45.75
"236","Bacteria_unclassified Bacteria_unclassified Bradyrhizobium_sp._MOS002","Positive",5.11976271399412,0.0107456039449182,-99.4499999999999,-108.2
"237","Bacteria_unclassified Moraxellaceae Acinetobacter_baumannii","Positive",5.67577112925559,0.00696906447438579,-38.8423076923076,-40.15
"238","Proteobacteria Moraxellaceae Acinetobacter_baumannii","Positive",5.64142346471264,0.00715596762185992,-16.9,-16.9
"239","Bacteria_unclassified Bacteria_unclassified Bacteria_unclassified","Positive",5.11890873933708,0.0107528351413242,-31.5346153846154,-34.15
"240","Bacteria_unclassified Bacteria_unclassified Lactobacillus_brevis","Positive",5.21550524745758,0.0099664675161164,-27.8730769230769,-31.95
"241","Firmicutes Streptococcaceae Streptococcus_sp._AM28-20","Positive",5.54859036340919,0.00768800748302295,-3.19999999999999,-3.2
"242","Proteobacteria Moraxellaceae Acinetobacter_baumannii","Positive",6.20724871795421,0.00464873653597294,-118.442307692308,-121.75
"243","Proteobacteria Enterobacteriaceae Enterobacteriaceae_unclassified","Positive",5.71629158696937,0.00675515822968874,-1462.05,-1462.05
"244","Bacteria_unclassified Staphylococcaceae Staphylococcus_hominis","Positive",4.49151141286521,0.0177423109140621,-73.6346153846153,-86.75
"245","Proteobacteria Enterobacteriaceae Escherichia_unclassified","Positive",6.26753140770828,0.00444247454717276,-1001.88846153846,-1006.35
"246","Bacteroidetes Tannerellaceae Tannerella_forsythia","Negative",6.41856516737538,0.00396687773084212,6077.53461538461,5565.275
"247","Bacteroidetes Rikenellaceae Alistipes_putredinis","Negative",6.9636422349303,0.00265076795114379,9844.52692307691,10042.2
"248","Actinobacteria Micrococcaceae Nesterenkonia_sandarakina","Negative",5.20324286030098,0.0100628454871672,20.5730769230769,22.65
"249","Actinobacteria Micrococcaceae Nesterenkonia_sandarakina","Negative",4.88925934252524,0.0128963674736401,8.84615384615384,11.125
"250","Actinobacteria Micrococcaceae Nesterenkonia_sandarakina","Negative",5.2995486510934,0.00933152204802657,16.7692307692307,21.25
"251","Actinobacteria Micrococcaceae Nesterenkonia_sandarakina","Negative",6.87887850810655,0.0028206865980964,19.7461538461538,17.4
"252","Actinobacteria Micrococcaceae Nesterenkonia_sandarakina","Negative",5.78944267210215,0.00638630893713638,13.9230769230769,16
"253","Actinobacteria Micrococcaceae Nesterenkonia_sandarakina","Negative",6.68231625323216,0.00326038447014205,12.5807692307692,18.475
"254","Actinobacteria Micrococcaceae Nesterenkonia_sandarakina","Negative",6.94608582319316,0.00268505547262416,15.4,17.65
"255","Actinobacteria Micrococcaceae Nesterenkonia_sandarakina","Negative",6.63072096421532,0.00338737118601683,13.1538461538461,18.25
"256","Actinobacteria Micrococcaceae Nesterenkonia_sandarakina","Negative",4.68811622683204,0.0151439245747109,16.1807692307692,18.7
"257","Actinobacteria Micrococcaceae Nesterenkonia_sandarakina","Negative",7.93431575555145,0.0013197917910283,21.2076923076923,20.9
"258","Actinobacteria Dermacoccaceae Branchiibius_sp._NY16-3462-2","Negative",6.87069887545849,0.00283767960925472,16.0807692307692,19.225
"259","Actinobacteria Micrococcaceae Nesterenkonia_aurantiaca","Negative",5.28386194090646,0.00944672059145743,11.8653846153846,12.375
"260","Actinobacteria Micrococcaceae Nesterenkonia_sandarakina","Negative",4.77318094884392,0.0141468514825813,14.5961538461538,16.25
"261","Actinobacteria Micrococcaceae Nesterenkonia_sandarakina","Negative",5.71783263212684,0.00674716079989931,15.0153846153846,17.525
"262","Actinobacteria Micrococcaceae Nesterenkonia_sandarakina","Negative",6.57542091074215,0.00352927427058322,13.5961538461538,12.875
"263","Actinobacteria Micrococcaceae Nesterenkonia_sandarakina","Negative",4.61716697519135,0.016032092730912,6.59230769230769,7.775
"264","Actinobacteria Micrococcaceae Nesterenkonia_sandarakina","Negative",6.49852892372273,0.00373706827256935,13.3846153846154,16.625
"265","Actinobacteria Micrococcaceae Nesterenkonia_sandarakina","Negative",5.05517274592153,0.01130725789641,19.1576923076923,20.475
"266","Firmicutes Staphylococcaceae Staphylococcus_hominis","Negative",6.02954450879976,0.0053175604771777,48.8423076923076,72.775
"267","Actinobacteria Micrococcaceae Nesterenkonia_sandarakina","Negative",5.60564824291697,0.00735625891570717,17.0230769230769,17.6
"268","Actinobacteria Microbacteriaceae Gulosibacter_sp._Marseille-P7157","Negative",6.04547380252307,0.00525366807841562,25.4423076923077,33.25
"269","Bacteria_unclassified Micrococcaceae Nesterenkonia_sandarakina","Negative",4.74120650599175,0.014513277235444,9.54230769230769,11.475
"270","Bacteria_unclassified Micrococcaceae Nesterenkonia_jeotgali","Negative",4.62569202422559,0.0159225341574982,14.9730769230769,17.925
"271","Bacteria_unclassified Micrococcaceae Nesterenkonia_sandarakina","Negative",6.00325213993156,0.00542481471566208,12.6192307692308,14.725
"272","Actinobacteria Micrococcaceae Nesterenkonia_sandarakina","Negative",4.67802286535985,0.0152670504753517,14,16.875
"273","Proteobacteria Enterobacteriaceae Escherichia_unclassified","Positive",5.36467899371586,0.00886880761365356,-509.05,-509.050000000001
"274","Firmicutes Eubacteriaceae Intestinibacillus_sp._Marseille-P4005","Positive",6.66968676394775,0.00329099788635178,-14.25,-14.25
"275","Firmicutes Clostridiaceae Butyricicoccus_sp._AM27-36","Positive",5.75940156167728,0.00653515197162121,-24.95,-24.95
"276","Bacteria_unclassified Enterobacteriaceae Klebsiella_pneumoniae","Positive",6.26301465673483,0.00445758990705172,-80.403846153846,-81.8750000000001
"277","Firmicutes Eubacteriaceae Intestinibacillus_sp._Marseille-P4005","Positive",6.6267803920713,0.00339728139374411,-25.25,-25.25
"278","Proteobacteria Enterobacteriaceae Klebsiella_pneumoniae","Positive",4.98330575651645,0.0119686888991387,-29.7576923076923,-36.45
"279","Bacteria_unclassified Bacteria_unclassified Bacteria_unclassified","Positive",5.38709072097692,0.0087152236127225,-195.034615384615,-209.025
"280","Bacteria_unclassified Enterobacteriaceae Klebsiella_pneumoniae","Positive",4.95926796324996,0.0121989111395902,-107.684615384615,-131.3
"281","Bacteria_unclassified Enterobacteriaceae Klebsiella_pneumoniae","Positive",5.44571818013304,0.00832655210575481,-172.707692307692,-179.775
"282","Bacteria_unclassified Bacteria_unclassified Bacteria_unclassified","Positive",5.27957007430201,0.00947849891361211,-74.5076923076923,-83.8250000000001
"283","Bacteria_unclassified Bacteria_unclassified Klebsiella_pneumoniae","Positive",5.34181691151524,0.00902841636050842,-48.8346153846154,-53.45
"284","Bacteria_unclassified Bacteria_unclassified Bacteria_unclassified","Positive",5.46530341006647,0.00820081287374934,-264.773076923077,-278.1
"285","Bacteria_unclassified Bacteria_unclassified Bacteria_unclassified","Positive",5.49211848286604,0.00803188969757788,-478.892307692307,-517.2
"286","Bacteria_unclassified Rhodobacteraceae Aquicoccus_sp._SCR17","Positive",4.89875021441862,0.0127994057325366,-34.7,-37.7
"287","Bacteria_unclassified Aerococcaceae Aerococcus_urinae","Positive",4.67187027597159,0.0153426206303745,-15.7423076923077,-19.05
"288","Bacteria_unclassified Staphylococcaceae Staphylococcus_hominis","Positive",5.40136293406005,0.00861887958757513,-6.3,-6.3
"289","Firmicutes Eubacteriaceae Intestinibacillus_sp._Marseille-P4005","Positive",6.00241722199578,0.00542825766658048,-13.8,-13.8
"290","Bacteria_unclassified Bacteria_unclassified Bacteria_unclassified","Positive",5.93622765887895,0.00570865881352669,-23.5538461538461,-25.4
"291","Bacteria_unclassified Staphylococcaceae Staphylococcus_pseudintermedius","Positive",5.39955708268534,0.00863100771597634,-740.238461538461,-805.325000000001
"292","Bacteria_unclassified Aerococcaceae Aerococcus_urinae","Positive",5.20125219629576,0.0100785837236517,-41.3,-44.3
"293","Bacteria_unclassified Enterobacteriaceae Klebsiella_pneumoniae","Positive",5.49396156829725,0.00802041440719443,-820.611538461538,-853.4
"294","Bacteria_unclassified Bacteria_unclassified Bacteria_unclassified","Positive",5.23417250530825,0.0098216106400403,-76.25,-86.2500000000001
"295","Firmicutes Eubacteriaceae Eubacteriaceae_bacterium","Positive",5.6877299321384,0.00690520249976769,-9.55,-9.55000000000001
"296","Bacteria_unclassified Bacteria_unclassified Klebsiella_pneumoniae","Positive",5.67497235919555,0.00697335212827665,-684.661538461538,-728.575
"297","Firmicutes Clostridiales_noname Clostridiales_bacterium_VE202-26","Positive",5.34253897257982,0.00902332941252268,-17.5,-17.5
"298","Bacteria_unclassified Enterobacteriaceae Klebsiella_pneumoniae","Positive",4.79957626390635,0.0138517022331005,-72.1961538461538,-80.225
"299","Bacteria_unclassified Bacteria_unclassified Bacteria_unclassified","Positive",6.18304710063303,0.00473435849815355,-66.226923076923,-70.15
"300","Actinobacteria Actinomycetaceae Actinomyces_unclassified","Positive",5.47281299063662,0.00815313209527762,-4.84999999999999,-4.85
"301","Proteobacteria Vibrionaceae Vibrio_ouci","Positive",5.13652003804502,0.0106047389852833,-110.773076923077,-130.975
"302","Bacteria_unclassified Bacteria_unclassified Bacteria_unclassified","Positive",5.28122446487174,0.00946623598119772,-19.1076923076923,-23.3
"303","Bacteria_unclassified Bacteria_unclassified Bacteria_unclassified","Positive",5.19979715108459,0.0100901037348289,-24.4038461538461,-27.25
"304","Bacteria_unclassified Bacillaceae Bacillus_kyonggiensis","Positive",6.78029012194096,0.00303284496150794,-13.65,-13.65
"305","Bacteria_unclassified Azonexaceae Dechloromonas_sp._H13","Positive",5.55261868875717,0.00766407691801992,-51.0576923076923,-60.7500000000001
"306","Bacteria_unclassified Bacteria_unclassified Dechloromonas_sp._H13","Positive",5.50095788165667,0.00797701129763176,-40.5576923076923,-45.25
"307","Bacteria_unclassified Bacteria_unclassified Bacteria_unclassified","Positive",5.55384022005014,0.00765683582399337,-29.9615384615384,-33.5
"308","Bacteria_unclassified Bacteria_unclassified Dechloromonas_sp._H13","Positive",8.05612802637945,0.00121135422285714,-26,-26
"309","Bacteria_unclassified Streptococcaceae Streptococcus_anginosus","Positive",6.17543300943047,0.00476163812476157,-21.6,-21.6
"310","Bacteria_unclassified Azonexaceae Dechloromonas_sp._H13","Positive",5.73901141762576,0.0066382551110083,-63.5615384615384,-63.6
"311","Bacteria_unclassified Bacteria_unclassified Klebsiella_pneumoniae","Positive",5.98285824359915,0.00550957459349038,-48.9499999999999,-51.45
"312","Bacteria_unclassified Bacteria_unclassified Bacteria_unclassified","Positive",5.4231630123403,0.00847387713742816,-86.3653846153845,-90.7500000000001
"313","Bacteria_unclassified Actinomycetaceae Actinomyces_sp._ICM39","Positive",5.50922070196312,0.00792606936647766,-5.25,-5.25
"314","Bacteria_unclassified Bacteria_unclassified Bacteria_unclassified","Positive",6.1641353501469,0.00480242046935236,-40.8423076923077,-42.15
"315","Bacteria_unclassified Bacteria_unclassified Bacteria_unclassified","Positive",4.63447777746161,0.0158104494325325,-47.4076923076923,-55.1
"316","Bacteria_unclassified Bacteria_unclassified Bacteria_unclassified","Positive",5.71939919568274,0.00673904115415708,-48.5,-55.5
"317","Bacteroidetes Prolixibacteraceae Prolixibacteraceae_bacterium_JC036","Positive",4.79798066731131,0.0138693586196189,-23.5346153846154,-27.15
"318","Bacteria_unclassified Prolixibacteraceae Prolixibacteraceae_bacterium_JC036","Positive",5.95795104394778,0.00561498727965321,-36.25,-36.25
"319","Bacteria_unclassified Prolixibacteraceae Prolixibacteraceae_bacterium_JC036","Positive",5.01330492623708,0.0116877695619022,-20.85,-22.85
"320","Bacteria_unclassified Prolixibacteraceae Prolixibacteraceae_bacterium_JC036","Positive",4.72462128860009,0.0147072655754326,-14.6153846153846,-18
"321","Bacteria_unclassified Bacteria_unclassified Bacteria_unclassified","Positive",7.16912797146695,0.00228203683176712,-13.35,-13.35
"322","Bacteria_unclassified Bacteria_unclassified Dechloromonas_sp._H13","Positive",6.38830738846342,0.00405767452395109,-21.2,-21.2
"323","Bacteria_unclassified Bacteria_unclassified Bacteria_unclassified","Positive",5.47155044504449,0.00816112795806028,-24.05,-24.05
"324","Bacteria_unclassified Bacillaceae Bacillus_kyonggiensis","Positive",5.14287176024521,0.0105518545165755,-34.9038461538461,-37.75
"325","Firmicutes Enterococcaceae Enterococcus_faecalis","Positive",5.71233475993382,0.00677573837170759,-37.2653846153846,-39.65
"326","Proteobacteria Bradyrhizobiaceae Bradyrhizobium_sp._MOS002","Positive",4.5725658908577,0.0166183579484145,-301.984615384615,-363.6
"327","Firmicutes Bacillaceae Bacillus_kyonggiensis","Positive",6.58290997882785,0.00350969605839787,-60.9653846153845,-64.3500000000001
"328","Bacteria_unclassified Enterobacteriaceae Klebsiella_pneumoniae","Positive",5.61590024142753,0.00729826581357717,-418.71923076923,-450.2
"329","Proteobacteria Enterobacteriaceae Klebsiella_pneumoniae","Positive",5.26139749202134,0.00961430657157683,-51.5923076923076,-54.9
"330","Bacteria_unclassified Prolixibacteraceae Prolixibacteraceae_bacterium_JC036","Positive",5.3117380375381,0.00924302814319179,-31.6038461538461,-35.45
"331","Proteobacteria Enterobacteriaceae Klebsiella_pneumoniae","Positive",5.35301830293842,0.0089498407969507,-77.8346153846153,-83.45
"332","Bacteria_unclassified Bacteria_unclassified Bacteria_unclassified","Positive",6.78527013996873,0.0030217351084205,-40.1499999999999,-40.15
"333","Bacteria_unclassified Sphingobacteriaceae Sphingobacteriaceae_bacterium","Positive",5.54030416630948,0.0077374798874247,-63.8576923076922,-67.55
"334","Bacteria_unclassified Bacteria_unclassified Dechloromonas_sp._H13","Positive",5.72677540768747,0.00670094755237918,-71.2076923076922,-81.9
"335","Bacteria_unclassified Bacteria_unclassified Dechloromonas_sp._H13","Positive",5.18953894208989,0.0101717152742222,-50.0423076923077,-53.35
"336","Bacteria_unclassified Streptococcaceae Streptococcus_anginosus","Positive",5.63022959897939,0.00721801321388693,-33.6115384615384,-35.15
"337","Bacteria_unclassified Bacteria_unclassified Bacteria_unclassified","Positive",4.98956817653999,0.0119094646029299,-285.573076923077,-316.525
"338","Proteobacteria Rhodobacteraceae Aquicoccus_sp._SCR17","Positive",5.22747835963059,0.00987330028895229,-33.6615384615385,-38.2
"339","Bacteria_unclassified Moraxellaceae Acinetobacter_baumannii","Positive",5.5175262685189,0.00787520887988064,-49.7384615384615,-54.2
"340","Bacteria_unclassified Moraxellaceae Acinetobacter_baumannii","Positive",5.21190733474181,0.00999464468835039,-69.9769230769231,-76.9000000000001
"341","Firmicutes Ruminococcaceae Gemmiger_formicilis","Positive",5.3596951158386,0.00890334697164721,-323.403846153846,-350.25
"342","Firmicutes Lactobacillaceae Lactobacillus_brevis","Positive",5.5153017499293,0.00788879730693527,-76.6423076923076,-78.95
"343","Bacteria_unclassified Moraxellaceae Acinetobacter_baumannii","Positive",5.25263580088709,0.00968051499177149,-43.1423076923076,-46.45
"344","Bacteria_unclassified Azonexaceae Dechloromonas_sp._H13","Positive",5.3884530488016,0.00870597852178815,-21.9,-21.9
"345","Bacteria_unclassified Rhodobacteraceae Aquicoccus_sp._SCR17","Positive",5.45631740708646,0.00825825397703795,-27.1923076923077,-31.5
"346","Bacteria_unclassified Bacteria_unclassified Staphylococcus_hominis","Positive",5.48222155019866,0.0080938055625379,-37.3730769230769,-43.45
"347","Bacteria_unclassified Bacteria_unclassified Bacteria_unclassified","Positive",6.32576922399172,0.00425234175138305,-27.4730769230769,-30.55
"348","Bacteria_unclassified Staphylococcaceae Staphylococcus_hominis","Positive",4.64168877791189,0.0157190753389088,-87.8230769230769,-106.9
"349","Bacteria_unclassified Prolixibacteraceae Prolixibacteraceae_bacterium_JC036","Positive",5.76949615653135,0.00648473359780556,-62.7,-62.7
"350","Bacteria_unclassified Staphylococcaceae Staphylococcus_hominis","Positive",6.03136792405531,0.00531020548293999,-108.35,-108.35
"351","Proteobacteria Enterobacteriaceae Klebsiella_pneumoniae","Positive",4.50264288598064,0.0175833283452926,-44.0423076923076,-52.225
"352","Firmicutes Veillonellaceae Dialister_invisus","Positive",6.03062768604795,0.0053131900419017,-21.75,-21.75
"353","Bacteria_unclassified Staphylococcaceae Staphylococcus_hominis","Positive",5.30627797706501,0.00928255798911854,-35.8769230769231,-41.175
"354","Bacteroidetes Bacteroidaceae Bacteroides_plebeius","Negative",7.7733007644255,0.00147904708337485,10239.5269230769,11543.325
"355","Bacteria_unclassified Staphylococcaceae Staphylococcus_hominis","Positive",5.53167988783929,0.00778932684683541,-49.6346153846154,-54.25
"356","Bacteria_unclassified Staphylococcaceae Staphylococcus_hominis","Positive",5.49800254700513,0.00799531510294742,-48.7538461538461,-51.975
"357","Bacteria_unclassified Actinomycetaceae Schaalia_odontolytica","Positive",5.37645982880115,0.00878772339385334,-6.39999999999999,-6.40000000000001
"358","Firmicutes Staphylococcaceae Staphylococcus_hominis","Positive",5.33609996848008,0.00906879916913313,-65.9615384615383,-76.5
"359","Proteobacteria Enterobacteriaceae Escherichia_coli","Positive",5.41071900413832,0.00855633065786475,-66.2423076923076,-71.3
"360","Bacteria_unclassified Azonexaceae Dechloromonas_sp._H13","Positive",4.75470088058447,0.0143574284699744,-58.1038461538461,-64.825
"361","Bacteria_unclassified Bacteria_unclassified Bacteria_unclassified","Positive",5.10926962290612,0.0108348123648157,-41.8153846153846,-47.2
"362","Firmicutes Bacillaceae Bacillus_kyonggiensis","Positive",4.92971615156491,0.0124883488628753,-21.9538461538461,-23.8
"363","Proteobacteria Burkholderiales_noname Aquabacterium_olei","Positive",6.03251309662849,0.00530559174829556,-6.05,-6.05000000000001
"364","Bacteria_unclassified Bacteria_unclassified Bacteria_unclassified","Positive",5.52786372375784,0.00781238524215926,-33.2346153846154,-35.85
"365","Bacteria_unclassified Aerococcaceae Aerococcus_urinae","Positive",5.08387658256647,0.0110539361327467,-44.5461538461538,-50.7
"366","Bacteria_unclassified Aerococcaceae Aerococcus_urinae","Positive",5.24203833771758,0.00976123745234524,-77.1115384615384,-83.65
"367","Bacteria_unclassified Bacteria_unclassified Bacteria_unclassified","Positive",4.83910151619465,0.0134217962107478,-49.2999999999999,-54.05
"368","Proteobacteria Burkholderiales_noname Rubrivivax_sp.","Positive",5.50922070196312,0.00792606936647765,-4.2,-4.2
"369","Bacteria_unclassified Bacteria_unclassified Dechloromonas_sp._H13","Positive",5.49699644780019,0.00800155644075517,-73.6192307692307,-76.1000000000001
"370","Bacteria_unclassified Bacteria_unclassified Bacteria_unclassified","Positive",5.15072049914322,0.0104868890748354,-50.2961538461538,-54.45
"371","Bacteria_unclassified Bacteria_unclassified Bacteria_unclassified","Positive",5.05010022027996,0.0113526565376493,-240.326923076923,-271.875
"372","Proteobacteria Bradyrhizobiaceae Bradyrhizobium_sp._MOS002","Positive",4.68977201382082,0.0151238261299738,-34.5076923076923,-39.2
"373","Bacteria_unclassified Bradyrhizobiaceae Bradyrhizobium_sp._MOS002","Positive",4.91772628907588,0.0126078338855322,-416.826923076923,-453.25
"374","Actinobacteria Micrococcaceae Nesterenkonia_aurantiaca","Negative",5.55059902074187,0.00767606508899994,13.3884615384615,16.85
"375","Actinobacteria Micrococcaceae Nesterenkonia_unclassified","Negative",6.63456360298902,0.00337773657433877,17.8423076923077,18.65
"376","Actinobacteria Micrococcaceae Nesterenkonia_sandarakina","Negative",6.95388554682597,0.00266976540282173,12.3653846153846,13.625
"377","Actinobacteria Micrococcaceae Nesterenkonia_sandarakina","Negative",5.72727225525718,0.00669838980149234,13.6615384615385,19.45
"378","Actinobacteria Micrococcaceae Nesterenkonia_sandarakina","Negative",6.89392733044187,0.00278970220671944,17.0576923076923,18.625
"379","Actinobacteria Micrococcaceae Nesterenkonia_sandarakina","Negative",7.39892856110255,0.00193276344813821,11.0076923076923,12.575
"380","Actinobacteria Micrococcaceae Nesterenkonia_sandarakina","Negative",5.411426067211,0.00855162312936621,15.2653846153846,17.65
"381","Bacteria_unclassified Micrococcaceae Nesterenkonia_sandarakina","Negative",6.80211032674925,0.00298448285365588,9.94999999999999,11.575
"382","Actinobacteria Micrococcaceae Nesterenkonia_sandarakina","Negative",5.06102386529578,0.0112551281605775,8.46153846153845,8.87500000000001
"383","Actinobacteria Micrococcaceae Nesterenkonia_sandarakina","Negative",5.36075427540749,0.00889599493555395,14.5961538461538,17.25
"384","Actinobacteria Micrococcaceae Nesterenkonia_sandarakina","Negative",9.26041462094684,0.000529573642595404,15.1538461538461,13.125
"385","Actinobacteria Micrococcaceae Nesterenkonia_sandarakina","Negative",7.7087597020947,0.00154845191430585,25.4423076923077,20
"386","Actinobacteria Micrococcaceae Nesterenkonia_sandarakina","Negative",5.07139165640149,0.011163378083889,24,27.125
"387","Actinobacteria Micrococcaceae Nesterenkonia_sandarakina","Negative",6.07676280170101,0.00513050895034571,17.7692307692307,17.875
"388","Bacteria_unclassified Micrococcaceae Nesterenkonia_sandarakina","Negative",8.19706382940917,0.00109748862629772,17.0769230769231,13
"389","Actinobacteria Micrococcaceae Nesterenkonia_sandarakina","Negative",4.692741281263,0.0150878545506963,20.3076923076923,23.875
"390","Actinobacteria Micrococcaceae Nesterenkonia_sandarakina","Negative",6.36611847760812,0.00412564735211099,7.13846153846153,8.60000000000001
"391","Actinobacteria Micrococcaceae Nesterenkonia_sandarakina","Negative",5.21388759797312,0.00997912583122267,14.9230769230769,15.625
"392","Actinobacteria Micrococcaceae Nesterenkonia_sandarakina","Negative",5.46096311457379,0.00822850459386768,10.1538461538462,12.375
"393","Actinobacteria Micrococcaceae Nesterenkonia_sandarakina","Negative",5.89040536117429,0.00591168108456139,13.1846153846154,12.925
"394","Bacteria_unclassified Bacteria_unclassified Bacteria_unclassified","Positive",5.14242675428086,0.0105555505794705,-73.9807692307692,-82.2500000000001
"395","Bacteria_unclassified Bacteria_unclassified Bacteria_unclassified","Positive",5.16850561694161,0.0103412313917807,-12.0423076923077,-13.35
"396","Bacteria_unclassified Bacteria_unclassified Klebsiella_pneumoniae","Positive",6.09159804341022,0.00507318039645103,-76.5961538461537,-75.125
"397","Bacteria_unclassified Bacteria_unclassified Klebsiella_pneumoniae","Positive",5.3077084460233,0.00927218448008954,-96.9038461538461,-102.125
"398","Bacteria_unclassified Bacteria_unclassified Bacteria_unclassified","Positive",5.09748893696496,0.0109358971329773,-25.1192307692308,-27.975
"399","Bacteria_unclassified Bacteria_unclassified Dechloromonas_sp._H13","Positive",5.28875892508407,0.00941059872442984,-94.0961538461538,-96.2500000000001
"400","Bacteria_unclassified Bacteria_unclassified Bacteria_unclassified","Positive",4.71196868604074,0.0148570907269175,-185.203846153846,-215.925
"401","Firmicutes Aerococcaceae Aerococcus_urinae","Positive",5.47960025691514,0.00811028856238226,-172.711538461538,-191.5
"402","Bacteria_unclassified Enterobacteriaceae Klebsiella_pneumoniae","Positive",4.71919558989873,0.0147713180014535,-359.496153846154,-402.15
"403","Bacteria_unclassified Bacteria_unclassified Bacteria_unclassified","Positive",5.87445879627395,0.00598410562368669,-262,-269.75
"404","Bacteria_unclassified Bacteria_unclassified Klebsiella_pneumoniae","Positive",6.65830946498636,0.00331883514014791,-50.15,-50.15
"405","Firmicutes Eubacteriaceae Intestinibacillus_sp._Marseille-P4005","Positive",5.76477843361817,0.00650824553926877,-16.4,-16.4
"406","Firmicutes Eubacteriaceae Intestinibacillus_sp._Marseille-P4005","Positive",5.55882237434879,0.00762737670012689,-19.3,-19.3
"407","Proteobacteria Enterobacteriaceae Shigella_sonnei","Positive",5.49871707836743,0.00799088561889347,-832.461538461538,-896.25
"408","Proteobacteria Enterobacteriaceae Escherichia_coli","Positive",5.20080776172419,0.010082100970613,-202.169230769231,-219.4
"409","Bacteria_unclassified Bacteria_unclassified Bacteria_unclassified","Positive",5.60839817210715,0.00734065577417044,-33.5076923076923,-36.2
"410","Bacteria_unclassified Bacteria_unclassified Bacteria_unclassified","Positive",5.61224250145436,0.00731890135672021,-93.15,-103.775
"411","Bacteria_unclassified Bacteria_unclassified Lactobacillus_brevis","Positive",5.87005465454039,0.00600427208555275,-45.0115384615384,-48.55
"412","Firmicutes Clostridiaceae Hungatella_unclassified","Positive",6.13594911630514,0.00490577850384866,-39.8499999999999,-39.85
"413","Bacteroidetes Tannerellaceae Parabacteroides_sp._2_1_7","Negative",8.68644036252566,0.00078206544243883,11129.3884615385,10741.85
"414","Bacteria_unclassified Bacteria_unclassified Bacteria_unclassified","Positive",5.82806575769022,0.00620016955138118,-212.011538461538,-233.425
"415","Bacteria_unclassified Bacteria_unclassified Bacteria_unclassified","Positive",5.30692391616875,0.00927787224055667,-59.4769230769231,-70.775
"416","Bacteria_unclassified Bacteria_unclassified Bacteria_unclassified","Positive",4.8391402007924,0.0134213823965412,-21.7307692307692,-24.5
"417","Firmicutes Lachnospiraceae Blautia_sp._AF26-2","Positive",4.62150592927423,0.0159762324034774,-88.3192307692307,-102.05
"418","Bacteria_unclassified Bacteria_unclassified Bacteria_unclassified","Positive",6.4537780010891,0.00386389778916413,-54.9961538461538,-58.025
"419","Bacteria_unclassified Bacteria_unclassified Bacteria_unclassified","Positive",5.9581526072044,0.00561412575096791,-43.3807692307692,-47.15
"420","Bacteria_unclassified Bacteria_unclassified Bacteria_unclassified","Positive",5.49287409184634,0.00802718308859546,-96.2884615384615,-98.5000000000001
"421","Firmicutes Lactobacillaceae Lactobacillus_brevis","Positive",5.47301807303161,0.00815183406095751,-290.592307692308,-299.65
"422","Bacteria_unclassified Aerococcaceae Aerococcus_urinae","Positive",4.90415653644339,0.0127445163783856,-40.8153846153846,-46.2
"423","Bacteria_unclassified Bacteria_unclassified Bacteria_unclassified","Positive",5.29831195088172,0.0093405500858068,-51.4038461538461,-57.25
"424","Proteobacteria Bradyrhizobiaceae Bradyrhizobium_sp._MOS002","Positive",5.2014980166959,0.0100766388603531,-77.9230769230769,-82.25
"425","Proteobacteria Enterobacteriaceae Escherichia_coli","Positive",5.0356661662047,0.0114828928695659,-60.8730769230769,-66.4500000000001
"426","Bacteria_unclassified Bacteria_unclassified Bacillus_kyonggiensis","Positive",4.63434303524847,0.0158121621283689,-24.4153846153846,-27.8
"427","Bacteria_unclassified Bacteria_unclassified Bacteria_unclassified","Positive",4.97098260055542,0.0120861372373169,-398.75,-461.5
"428","Proteobacteria Enterobacteriaceae Escherichia_coli","Positive",5.59409333538427,0.00742220418571244,-187.634615384615,-210.25
"429","Bacteria_unclassified Bacteria_unclassified Bacteria_unclassified","Positive",5.28689189226786,0.00942435343222914,-26.776923076923,-27.7
"430","Bacteria_unclassified Lactobacillaceae Lactobacillus_brevis","Positive",5.50134796300762,0.00797459863393057,-19.5,-19.5
"431","Bacteria_unclassified Staphylococcaceae Staphylococcus_hominis","Positive",5.13326982030998,0.0106319081547889,-270.496153846154,-296.275
"432","Bacteria_unclassified Bacteria_unclassified Bacteria_unclassified","Positive",5.53621068323774,0.00776204342227926,-17.7,-17.7
"433","Bacteria_unclassified Bacteria_unclassified Bacteria_unclassified","Positive",5.25232952722258,0.00968283803675034,-529.923076923077,-568.375
"434","Bacteria_unclassified Bacteria_unclassified Aerococcus_urinae","Positive",5.50532354229695,0.00795005332964235,-39.8038461538462,-40.4
"435","Bacteria_unclassified Bacteria_unclassified Bacteria_unclassified","Positive",5.17329659595092,0.0103023591348927,-57.5038461538462,-65.35
"436","Bacteria_unclassified Bacteria_unclassified Bacteria_unclassified","Positive",5.01950200068391,0.0116306085615274,-212.565384615384,-253.325
"437","Proteobacteria Enterobacteriaceae Escherichia_coli","Positive",5.65012409417515,0.00710812946007077,-240.45,-240.45
"438","Proteobacteria Enterobacteriaceae Citrobacter_freundii","Positive",5.85022149798191,0.00609597813131579,-344.85,-338.85
"439","Proteobacteria Enterobacteriaceae Escherichia_coli","Positive",6.14053541821593,0.00488880244919613,-549.180769230769,-498.7
"440","Bacteria_unclassified Staphylococcaceae Staphylococcus_hominis","Positive",5.73944062252939,0.006636067276193,-349.01923076923,-360.75
"441","Bacteria_unclassified Bacteria_unclassified Bacteria_unclassified","Positive",4.99400328011611,0.0118677080572729,-112.05,-120.925
"442","Firmicutes Clostridia_noname Clostridia_bacterium_k32","Positive",5.24439934364945,0.00974319217618451,-47.1615384615384,-50.7
"443","Bacteria_unclassified Bacteria_unclassified Bacteria_unclassified","Positive",4.91447916711901,0.0126403997458317,-29.6538461538461,-32.875
"444","Bacteria_unclassified Enterobacteriaceae Escherichia_coli","Positive",5.02855913505827,0.0115475954916312,-114.276923076923,-129.2
"445","Proteobacteria Enterobacteriaceae Escherichia_coli","Positive",6.35047321339874,0.00417429440420533,-277.573076923077,-262.525
"446","Bacteria_unclassified Bacteria_unclassified Bacteria_unclassified","Positive",4.89193648496918,0.0128689389006663,-26.4923076923077,-29.8
"447","Bacteria_unclassified Bacteria_unclassified Bacteria_unclassified","Positive",5.78069768688192,0.00642926544673958,-21.5153846153846,-22.9
"448","Firmicutes Lactobacillaceae Lactobacillus_brevis","Positive",5.65129100405385,0.00710173915538325,-342.515384615384,-362.65
"449","Bacteria_unclassified Enterobacteriaceae Klebsiella_pneumoniae","Positive",4.84600106047975,0.0133482028643412,-114.103846153846,-129.45
"450","Bacteria_unclassified Staphylococcaceae Staphylococcus_hominis","Positive",5.03929696707464,0.0114499853355261,-79.5653846153846,-91.4500000000001
"451","Bacteria_unclassified Bacteria_unclassified Bacteria_unclassified","Positive",5.81929273555645,0.0062419428887869,-40.9846153846153,-44.6
"452","Proteobacteria Pseudomonadaceae Pseudomonas_syringae","Positive",6.48405524793932,0.0037776019795871,-30.25,-30.25
"453","Proteobacteria Comamonadaceae Comamonadaceae_bacterium_2PF","Positive",5.33393354067768,0.00908415181767301,-3.5,-3.5
"454","Firmicutes Bacillales_noname Exiguobacterium_sp._N4-1P","Positive",5.17743727470913,0.01026888708661,-87.55,-93.55
"455","Bacteria_unclassified Bacteria_unclassified Bacteria_unclassified","Positive",5.4270781084239,0.00844810916076617,-61.3461538461538,-69.6250000000001
"456","Bacteria_unclassified Aerococcaceae Aerococcus_urinae","Positive",5.53004906108518,0.00779917200771912,-36.6,-36.6
"457","Firmicutes Ruminococcaceae Subdoligranulum_sp._4_3_54A2FAA","Positive",5.36059494286537,0.00889710051584419,-1384.85,-1379.35
"458","Bacteria_unclassified Bacteria_unclassified Bacteria_unclassified","Positive",5.44000612183299,0.00836360515002494,-44.426923076923,-46.725
"459","Bacteria_unclassified Bacteria_unclassified Bacteria_unclassified","Positive",5.47457169932344,0.0081420077094965,-150.146153846154,-163.675
"460","Bacteria_unclassified Bacteria_unclassified Bacteria_unclassified","Positive",5.07685953476534,0.0111153073428099,-36.85,-42.475
"461","Bacteria_unclassified Bacteria_unclassified Bacteria_unclassified","Positive",5.58178582230783,0.00749312953519011,-183.15,-196.275
"462","Bacteria_unclassified Bacteria_unclassified Staphylococcus_hominis","Positive",5.28635311512257,0.00942832661678247,-41.8461538461538,-43
"463","Actinobacteria Actinomycetaceae Actinomyces_sp._ICM54","Positive",5.66987281375863,0.00700079110490751,-26.35,-26.35
"464","Firmicutes Streptococcaceae Streptococcus_thermophilus","Positive",5.61648937318367,0.00729494789248456,-127.55,-127.55
"465","Bacteria_unclassified Bacteria_unclassified Bacteria_unclassified","Positive",4.92422806522183,0.0125428917958227,-48.5615384615384,-56.1
"466","Bacteria_unclassified Bradyrhizobiaceae Bradyrhizobium_sp._MOS002","Positive",4.76536800565227,0.0142354790832789,-464.084615384615,-526.2
"467","Bacteria_unclassified Bacteria_unclassified Bacteria_unclassified","Positive",5.23273384994664,0.0098326953092222,-338.946153846154,-382.35
"468","Bacteria_unclassified Bacteria_unclassified Bacteria_unclassified","Positive",6.14096264242718,0.0048872242434358,-17.85,-17.85
"469","Bacteria_unclassified Bradyrhizobiaceae Bradyrhizobium_sp._MOS002","Positive",5.18987406195572,0.0101690382012247,-400.553846153846,-419.4
"470","Firmicutes Ruminococcaceae Ruminococcaceae_bacterium","Positive",5.75663753418451,0.00654902899890671,-21.9,-21.9
"471","Firmicutes Lactobacillaceae Lactobacillus_murinus","Positive",5.22579924692755,0.00988631062799544,-144.657692307692,-164.725
"472","Bacteria_unclassified Bradyrhizobiaceae Bradyrhizobium_sp._MOS002","Positive",5.29330517399423,0.00937719413370212,-565.442307692307,-621.5
"473","Proteobacteria Enterobacteriaceae Klebsiella_pneumoniae","Positive",6.34199181864878,0.00420091831535542,-31.1384615384615,-33.6
"474","Bacteria_unclassified Bacteria_unclassified Bacteria_unclassified","Positive",4.90844413151792,0.0127011614371102,-173.157692307692,-192.6
"475","Bacteria_unclassified Enterobacteriaceae Escherichia_coli","Positive",4.84468597708011,0.0133621972446364,-171.584615384615,-189.2
"476","Bacteria_unclassified Staphylococcaceae Staphylococcus_hominis","Positive",5.83908231405631,0.00614812984643712,-31.75,-31.75
"477","Bacteria_unclassified Bacteria_unclassified Bacteria_unclassified","Positive",5.6073665082045,0.00734650536428227,-15.1423076923077,-16.45
"478","Bacteria_unclassified Bacteria_unclassified Bacteria_unclassified","Positive",4.74084860068678,0.0145174349044826,-61.9807692307692,-72.75
"479","Proteobacteria Enterobacteriaceae Escherichia_coli","Positive",5.74386241765743,0.00661357169774183,-75.476923076923,-83.525
"480","Firmicutes Clostridiales_noname Clostridiales_bacterium","Positive",6.50090737297756,0.00373045131465798,-46.1,-46.1
"481","Proteobacteria Enterobacteriaceae Escherichia_coli","Positive",5.59484327775399,0.00741790534699082,-100.553846153846,-114.4
"482","Proteobacteria Enterobacteriaceae Escherichia_coli","Positive",5.6339888709611,0.00719711332837842,-112.95,-112.95
"483","Bacteria_unclassified Bacteria_unclassified Bacteria_unclassified","Positive",5.07215423279301,0.0111566607982432,-110.634615384615,-126.5
"484","Proteobacteria Enterobacteriaceae Escherichia_coli","Positive",5.63140355274648,0.00721147969984821,-16.9,-16.275
"485","Bacteria_unclassified Bacteria_unclassified Bacteria_unclassified","Positive",5.27739055179607,0.0094946798428132,-40.1884615384615,-43.9
"486","Bacteria_unclassified Staphylococcaceae Staphylococcus_hominis","Positive",4.9255031501655,0.0125301971373906,-35.6076923076923,-41.8
"487","Bacteria_unclassified Enterobacteriaceae Escherichia_coli","Positive",6.2120665436601,0.00463188713642486,-454.599999999999,-431.85
"488","Bacteria_unclassified Enterobacteriaceae Klebsiella_pneumoniae","Positive",5.33125032358308,0.00910320469038408,-18.7615384615385,-20.425
"489","Proteobacteria Enterobacteriaceae Klebsiella_pneumoniae","Positive",5.17676269339425,0.0102743323915094,-61.8461538461538,-73
"490","Proteobacteria Enterobacteriaceae Escherichia_coli","Positive",5.98935868607711,0.00548240750892021,-805.85,-805.85
"491","Bacteria_unclassified Sphingobacteriaceae Sphingobacteriaceae_bacterium","Positive",5.23224486356157,0.00983646588936524,-45.4153846153846,-47.425
"492","Bacteria_unclassified Staphylococcaceae Staphylococcus_hominis","Positive",5.52088940886485,0.00785471196707984,-47.3499999999999,-47.35
"493","Firmicutes Ruminococcaceae Flavonifractor_plautii","Positive",6.17931533714354,0.00474770797749862,-61.6153846153845,-65
"494","Bacteria_unclassified Bacteria_unclassified Bacteria_unclassified","Positive",5.7622892904637,0.00652068694809136,-22.5653846153846,-23.95
"495","Bacteria_unclassified Bradyrhizobiaceae Bradyrhizobium_sp._MOS002","Positive",4.93080487223082,0.0124775584025677,-132.892307692307,-150.575
"496","Bacteria_unclassified Bacteria_unclassified Bacteria_unclassified","Positive",5.11083593288316,0.0108214468237662,-61.5153846153846,-70.9000000000001
"497","Bacteria_unclassified Prolixibacteraceae Prolixibacteraceae_bacterium_JC036","Positive",4.83328214461608,0.0134842000231382,-43.6538461538461,-48.125
"498","Bacteria_unclassified Bacteria_unclassified Bacteria_unclassified","Positive",5.14027089051195,0.0105734757282019,-55.1730769230769,-62.25
"499","Bacteria_unclassified Bacteria_unclassified Aerococcus_urinae","Positive",5.75850177006905,0.00653966604825287,-14.9653846153846,-17.35
"500","Bacteria_unclassified Aerococcaceae Aerococcus_urinae","Positive",5.13623200211107,0.0106071437767937,-78.1576923076922,-88.8500000000001
"501","Bacteria_unclassified Bacteria_unclassified Bacteria_unclassified","Positive",5.70014710319188,0.00683954424205042,-73.5576923076923,-79.2500000000001
"502","Proteobacteria Enterobacteriaceae Escherichia_coli","Positive",5.75307897530905,0.00656694072556866,-228.088461538461,-245.55
"503","Bacteria_unclassified Bacteria_unclassified Bacteria_unclassified","Positive",5.30318873101765,0.00930500235941316,-24.8076923076923,-29.5
"504","Bacteria_unclassified Bacteria_unclassified Bacteria_unclassified","Positive",5.28822006197175,0.00941456643827032,-58.1384615384615,-63.225
"505","Bacteria_unclassified Bacteria_unclassified Bacteria_unclassified","Positive",5.15355940203562,0.0104634947600052,-63.4807692307692,-73.2500000000001
"506","Bacteria_unclassified Moraxellaceae Acinetobacter_baumannii","Positive",4.84122687975264,0.0133990808068126,-72.8538461538461,-87.7000000000001
"507","Proteobacteria Moraxellaceae Acinetobacter_baumannii","Positive",5.99940154371209,0.00544071258876681,-36.7884615384615,-39.25
"508","Bacteria_unclassified Bradyrhizobiaceae Bradyrhizobium_icense","Positive",5.0770350441699,0.011113767969428,-75.676923076923,-87.6000000000001
"509","Bacteria_unclassified Enterobacteriaceae Klebsiella_pneumoniae","Positive",5.70573993984341,0.00681018597376312,-185.430769230769,-200.2
"510","Bacteria_unclassified Moraxellaceae Acinetobacter_baumannii","Positive",5.24877500800596,0.00970984155680791,-62.9923076923076,-65.3
"511","Firmicutes Streptococcaceae Streptococcus_thermophilus","Positive",5.89082249658723,0.00590979900963324,-267,-256.125
"512","Bacteria_unclassified Bacteria_unclassified Bacteria_unclassified","Positive",5.5049624019036,0.00795227973005396,-55.576923076923,-58.5
"513","Bacteria_unclassified Bacteria_unclassified Bacteria_unclassified","Positive",6.45259963739516,0.00386729801218762,-13.05,-13.05
"514","Bacteria_unclassified Bacteria_unclassified Bacteria_unclassified","Positive",6.45884800790892,0.00384930390758785,-25.85,-25.85
"515","Bacteria_unclassified Bacteria_unclassified Bacteria_unclassified","Positive",5.12321703401217,0.0107164060076789,-132.873076923077,-141.2
"516","Bacteria_unclassified Bacteria_unclassified Bacteria_unclassified","Positive",5.04800147803906,0.0113714961675977,-41.8923076923077,-44.7
"517","Bacteria_unclassified Bacteria_unclassified Bacteria_unclassified","Positive",6.88951659280809,0.00279874629454064,-36.35,-32.6
"518","Bacteria_unclassified Bacteria_unclassified Bacteria_unclassified","Positive",5.98647564621882,0.00549443905987385,-17.8,-17.8
"519","Bacteria_unclassified Bacteria_unclassified Bacteria_unclassified","Positive",5.27503805710267,0.0095121775638864,-179.434615384615,-189.175
"520","Firmicutes Clostridiaceae Butyricicoccus_sp._AM42-5AC","Positive",4.67321143073463,0.0153261141893168,-56.7961538461538,-65.9500000000001
"521","Bacteria_unclassified Pseudomonadaceae Pseudomonas_syringae","Positive",5.45193108837517,0.00828644625435962,-4.45,-4.45
